255,2017-06-20
256,2017-06-30
260,2017-07-25
261,2017-08-08
263,2017-09-27
270,2017-10-16
274,2017-10-31
281,2017-11-16
283,2017-11-29
289,2017-12-18
298,2018-01-12
300,2018-01-29
314,2018-02-09
323,2018-02-24
325,2018-03-09
333,2018-03-23
342,2018-03-28
344,2018-04-06
350,2018-04-18
356,2018-04-25
359,2018-05-02
361,2018-05-10
362,2018-05-16
363,2018-05-23
367,2018-05-31
370,2018-06-05
371,2018-06-14
376,2018-06-21
383,2018-06-27
385,2018-07-04
387,2018-07-11
390,2018-07-18
395,2018-08-02
399,2018-08-09
401,2018-08-16
402,2018-09-13
403,2018-09-19
405,2018-10-03
413,2018-10-10
418,2018-10-18
425,2018-10-31
427,2018-11-07
429,2018-11-14
434,2018-11-26
440,2018-11-27
442,2018-12-05
447,2018-12-13
454,2018-12-20
457,2018-12-21
460,2019-01-10
465,2019-01-16
471,2019-02-08
475,2019-02-14
476,2019-03-07
480,2019-03-15
484,2019-03-21
488,2019-03-29
491,2019-04-05
492,2019-04-10
493,2019-04-26
494,2019-05-06
496,2019-05-10
498,2019-05-17
500,2019-05-24
501,2019-05-31
505,2019-06-20
506,2019-06-28
509,2019-07-11
511,2019-07-19
513,2019-08-01
516,2019-08-07
521,2019-08-15
522,2019-10-17
523,2019-11-07
524,2019-11-18
525,2019-11-21
527,2019-11-26
529,2019-12-04
532,2019-12-13
534,2019-12-19
535,2020-01-09
536,2020-02-07
538,2020-02-14
543,2020-02-28
544,2020-03-12
546,2020-03-19
547,2020-03-27
550,2020-04-09
557,2020-04-16
559,2020-04-23
562,2020-05-01
563,2020-05-08
564,2020-05-15
568,2020-05-22
569,2020-06-12
575,2020-06-19
576,2020-06-25
578,2020-07-10
579,2020-08-07
584,2020-08-27
590,2020-09-03
591,2020-09-11
592,2020-09-17
595,2020-09-24
605,2020-10-02
608,2020-10-09
610,2020-10-15
614,2020-10-22
621,2020-10-29
622,2020-11-06
632,2020-11-18
636,2020-11-24
642,2020-11-25
643,2020-12-01
645,2020-12-11
650,2020-12-18